title,released,url,content
"Prabowo Akan Kampanye ke Tasikmalaya Besok, Lanjut Banten-Pandeglang",01/Des/2023 23:49 WIB,https://news.detik.com/pemilu/d-7067745/prabowo-akan-kampanye-ke-tasikmalaya-besok-lanjut-banten-pandeglang,"Ketua Tim Kemenangan Nasional (TKN) Koalisi Indonesia Maju (KIM) Rosan Roeslani mengungkap jadwal kampanye Prabowo-Gibran. Rosan mengatakan Prabowo akan melakukan kampanye ke Tasikmalaya besok.""Jadwal kampanye, Mas Gibran hari ini mungkin lagi ada di Penjaringan ya, tapi besok Pak Prabowo akan ke Tasikmalaya besok, akan ke tiga titik,"" kata Rosan Roeslani kepada wartawan usai acara deklarasi Pandawa Lima di Djakarta Theater, Jakarta Pusat, Jumat (1/12/2023).Rosan mengatakan Prabowo akan melanjutkan kampanye ke Banten, Pandeglang dan Lebak. Dia mengatakan Prabowo akan mengunjungi makam tokoh terdahulu di tiga kota tersebut.ADVERTISEMENTSCROLL TO CONTINUE WITH CONTENT""Kemudian berikutnya, dua hari lagi Pak Prabowo juga akan ke Banten, ke Pandeglang dan Lebak ya untuk melayat kepada tokoh-tokoh masyarakat di sana yang sudah mendahului kita sebelumnya dan menyapa warga yang ada di sana. Jadi dua hari lagi di Pandeglang dan juga di Lebak,"" ujarnya.Dia mengatakan Gibran akan berada di Solo besok. Dia menuturkan Gibran akan menerima kunjungan tamu Piala Dunia U-17 yang digelar di Solo.""Kemudian Mas Gibran besok akan banyak menerima tamu karena besok acara final Piala Dunia U-17 yang berada di Solo, sehingga banyak tamu yang akan hadir ke Solo termasuk presiden FIFA. Jadi beliau besok akan berada di Solo untuk menyaksikan Piala dunia U-17,"" ujarnya."
"Ma'ruf Amin: Capres Harus Adu Gagasan, Bukan Adu Gimik",01/Des/2023 23:41 WIB,https://news.detik.com/pemilu/d-7067742/maruf-amin-capres-harus-adu-gagasan-bukan-adu-gimik,"Wakil Presiden KH Ma'ruf Amin menyampaikan pandangan mengenai gejala politik yang menghinggapi kandidat pemimpin bangsa. Alangkah baiknya para capres, cawapres, dan pihak-pihak yang berlaga di Pemilu 2024 bukan saling beradu gimik tapi beradu ide jitu.Hal ini disampaikan Ma'ruf Amin saat ditanya wartawan usai menghadiri acara Mukernas MUI di Mercure Jakarta, Ancol, disiarkan kanal YouTube Wakil Presiden Republik Indonesia, Jumat (1/11/2023) malam.""Kita dan Presiden juga sudah bilang bahwa Pemilu itu harus adu gagasan, bukan adu gimik. Jadi kalau yang ditonjolkan gimik, saya kira itu tidak betul,"" kata Ma'ruf.ADVERTISEMENTSCROLL TO CONTINUE WITH CONTENTMenurutnya, masyarakat sebenarnya paham bahwa calon pemimpin yang berkualitas adalah calon pemimpin yang mengemukakan gagasan cemerlang, bukan menampilkan muslihat pemikat perhatian saja. Maka, dia mendorong agar capres mengemukakan tawaran buah pikiran cemerlangnya masing-masing.""Calon presiden justru harus menampilkan gagasannya bagaimana dia akan membawa bangsa ini lebih baik ke depan secara jelas, tentu dengan argumentasi-argumentasi,"" kata dia.Kini, para capres-cawapres sudah menjalani masa kampanye. Sebentar lagi, masyarakat juga akan disuguhi debat capres-cawapres. Di arena debat itulah masyarakat akan menilai gagasan para calon pemimpin Indonesia.""Oleh karen aitu kita harapkan bahwa kampanye-kampanye itu isinya gagasan. Tentu akan lebih terlihat ketika ada debat nanti dari capres maupun cawapres,"" kata Ma'ruf."
Massa Aksi Munajat 212 Mulai Merapat ke Masjid Istiqlal,01/Des/2023 23:37 WIB,https://news.detik.com/berita/d-7067740/massa-aksi-munajat-212-mulai-merapat-ke-masjid-istiqlal,"Munajat Kubro 212 akan dilaksanakan di kawasan Monas, Jakarta Pusat besok. Peserta aksi sudah mulai merapat ke Masjid Istiqlal.Pantauan detikcom, Jumat (1/12/2023) massa mulai berdatangan ke kawasan Masjid Istiqlal. Terlihat beberapa dari mereka menunaikan salat Isya di sana. Sejumlah peserta aksi juga beristirahat di selasar masjid sebelum mengikuti aksi di kawasan Monas.Rata-rata dari mereka mengenakan baju serba putih. Atribut bertemakan negara Palestina juga mereka bawa.ADVERTISEMENTSCROLL TO CONTINUE WITH CONTENTSalah satu peserta aksi dari Serang, Banten, Khulaifi (26) mengatakan dirinya datang lebih awal untuk melakukan solat tahajud terlebih dahulu.""Kita datang lebih awal untuk salat tahajud di Monas. Kita ini salat Isya dulu di Istiqlal habis itu ke Monas buat salat Tahajud bareng rombongan,"" kata dia saat ditemui di Istiqlal, Jumat (1/12/2023).Khulaifi mengatakan ia datang di Aksi Munajat Kubro 212 tahun ini untuk mendoakan saudara-saudara muslim di Palestina.""Kita nggak bisa berangkat ke Palestina, setidaknya kita disini mendoakan mereka, semoga doa Munajat 212 dikabul,"" ujarnya.Munajat 212 Fokus Dukung PalestinaPersaudaraan Alumni (PA) 212 akan menggelar Munajat Kubro di Monumen Nasional (Monas), Jakarta Pusat. Ketua SC Komitee Munajat Kubro, Habib Muhammad, mengatakan fokus acara pada dukungan untuk kemenangan Palestina melawan Israel.""Bahwa acara Munajat Kubro 212 untuk kemenangan Palestina dan keselamatan NKRI adalah ikhtiar mengetuk pintu langit dan pembuktian keberpihakan masyarakat Indonesia secara umum, menentang penjajahan zionis Israel yang biadab,"" kata Habib dalam jumpa pers di Masjid Al Ittihad, Jakarta Selatan, Rabu (29/11/2023).Selain itu ia mengatakan, Munajat Kubro, juga dilakukan sebagai bentuk ikhtiar untuk keselamatan NKRI pada kontestasi politik 5 tahunan saat ini.""Bahwa di tengah-tengah ancaman dan bayang-bayang konflik horizontal anak bangsa, dalam dukungan terhadap Palestina dan kontestasi politik 5 tahunan, acara ini sebagai momentum sejarah Persaudaraan 212 menjadi sebuah ikhtiar mengetuk pintu langit untuk keselamatan NKRI,"" imbuhnya. Habib menuturkan kepada pemerintah dan penegak hukum agar tegas dalam menindak pihak yang mendukung zionis Israel. Ia juga mengatakan kepada pihak pemerintah agar dapat berperan aktif melaksanakan amanat Pembukaan UUD 1945, alinea ke 4 yaitu penghapusan penjajahan atas dunia.""Menindak dengan tegas semua pihak yang mendukung penjajahan zionis Israel yang biadab demi tegaknya konstitusi dan terjaganya stabilitas keamanan dan pencegahan ancaman konflik horizontal anak bangsa,"" tuturnya."
TKN: Tak Ada Persiapan Khusus Prabowo-Gibran Hadapi Debat Perdana,01/Des/2023 23:25 WIB,https://news.detik.com/pemilu/d-7067735/tkn-tak-ada-persiapan-khusus-prabowo-gibran-hadapi-debat-perdana,"Ketua Tim Kampanye Nasional (TKN) Rosan Roeslani menyebut tak ada persiapan khusus yang dilakukan Prabowo-Gibran untuk menghadapi debat perdana capres-cawapres. Rosan mengatakan debat perdana capres-cawapres bukan kali pertama untuk Prabowo.""Debat kita tahu akan dilaksanakan pada tanggal 12 Desember ya yang pertama, ada lima kali debat sampai dengan nanti awal bulan Februari. Pak Prabowo ini kan bukan kali pertama untuk beliau ya,"" kata Rosan Roeslani kepada wartawan usai acara deklarasi Pandawa Lima di Djakarta Theater, Jakarta Pusat, Jumat (1/12/2023).Rosan mengatakan Prabowo memahami setiap topik dalam lima kali sesi debat capres-cawapres tersebut. Namun, dia mengatakan Prabowo juga berdiskusi dengan akademisi, praktisi dan Gibran terkait topik debat tersebut.ADVERTISEMENTSCROLL TO CONTINUE WITH CONTENT""Jadi kalau dilihat juga topik-topiknya, beliau ini topik yang beliau sudah sangat sangat memahami dan mengetahui secara komprehensif. Tapi tetap ya diskusi dengan akademia dengan praktisi dengan tentunya selalu dilakukan dan juga termasuk dengan Mas Gibran ya,"" ujarnya.Rosan mengatakan tak ada persiapan khusus yang dilakukan Prabowo dan Gibran untuk menghadapi debat tersebut. Menurutnya, topik debat itu merupakan keseharian yang dilakukan Prabowo-Gibran.""Tapi nggak ada persiapan-persiapan khusus gitu nggak ada tapi ya, kita lihat karena topiknya ini juga topik-topik yang memang sudah dilakukan setiap hari dalam hariannya Pak Prabowo dan Mas Gibran. Jadi nggak ada persiapan khusus nggak ada,"" ujarnya.Rosan tak berkomentar banyak terkait peluang isu pelanggaran HAM yang kembali muncul akan menyulitkan Prabowo saat debat. Dia menegaskan Prabowo dan Gibran akan memberikan edukasi politik yang mendidik dan terbuka.""Ya kalau kita kan debat nggak mau mengandai-ngandai tapi yang penting kita sudah mempersiapkan diri sebaik mungkin dan yang akan disampaikan tentunya adalah sesuatu yang bersifat edukasi politik, yang mendidik, yang terbuka, yang transparan dan tentunya yang memberikan aura positif dan juga memberikan pemahaman dan pengetahuan yang luas,"" ujarnya.Jadwal dan Tema Debat Pilpres 2024Berikut daftar jadwal dan tema debat capres-cawapres untuk Pilpres 2024 yang rencananya akan digelar selama lima kali di Jakarta:1. Jadwal debat pertama: Selasa, 12 Desember 2023Tema debat pertama: Hukum, HAM, Pemerintahan, Pemberantasan Korupsi, dan Penguatan Demokrasi.2. Jadwal debat kedua: Jumat, 22 Desember 2023Tema debat kedua: Pertahanan, Keamanan, Geo Politik, dan Hubungan Internasional.3. Jadwal debat ketiga: Minggu, 7 Januari 2024Tema debat ketiga: Ekonomi (Kerakyatan dan Digital), Kesejahteraan Sosial, Investasi, Perdagangan, Pajak (Digital), Keuangan, Pengelolaan APBN dan APBD, Infrastruktur.4. Jadwal debat keempat: Minggu, 21 Januari 2024Tema debat keempat: Energi, SDA, SMN, Pangan, Pajak Karbon, Lingkungan Hidup, dan Agraria, dan Masyarakat Adat.5. Jadwal debat kelima: Minggu, 4 Februari 2024Tema debat kelima: Teknologi Informasi, Peningkatan Pelayanan Publik, Hoaks, Intoleransi, Pendidikan, Kesehatan (Post-COVID Society), dan Ketenagakerjaan."
"Jl Raya Pasar Minggu Arah Tanjung Barat Macet, Pengendara Stuck di Tapal Kuda",01/Des/2023 23:18 WIB,https://news.detik.com/berita/d-7067730/jl-raya-pasar-minggu-arah-tanjung-barat-macet-pengendara-stuck-di-tapal-kuda,"Jalan Raya Pasar Minggu arah Tanjung Barat macet parah. Pengendara tak bergerak di Tapal Kuda.Pantauan detikcom di lokasi, Jumat (1/12/2022) pukul 22.52 WIB, kemacetan mengular di Tapal Kuda sekitar Mal AEON Tanjung Barat. Pengendara motor dan mobil terhenti di jalan layang lebih dari 30 menit.Kepadatan lalu lintas mengular ke arah AEON Tanjung Barat. Kemacetan juga terjadi di bawah Tapal Kuda ke arah yang sama.ADVERTISEMENTSCROLL TO CONTINUE WITH CONTENTSejak pukul 22.24 WIB hingga 23.58 WIB pengendara masih stuck di Tapal Kuda, mereka memelankan kendaraannya sambil sesekali berhenti. Kendaraan truk terlihat tak bergerak.Tak sedikit yang berputar arah di SPBU lantaran kemacetan itu. Adapun kepadatan lalu lintas juga terjadi di depan Gedung Antam, Jalan TB Simatupang.Tampak adanya pengerjaan proyek melewati Jalan Nangka Raya, Jalan di sana hanya bisa dilewati satu mobil. Sementara di depan AEON Tanjung Barat diketahui ada pengerjaan proyek yang belum rampung."
Gerindra Paparkan Program Prioritas Prabowo di Hadapan Santri di NTB,01/Des/2023 23:13 WIB,https://news.detik.com/pemilu/d-7067725/gerindra-paparkan-program-prioritas-prabowo-di-hadapan-santri-di-ntb,"Sekjen Partai Gerindra Ahmad Muzani bersilaturahmi ke pondok pesantren Nahdlatul Wathon, Lombok, Nusa Tenggara Barat, Jumat (1/12/2023). Di hadapan ribuan santri, Muzani memaparkan apa yang menjadi program prioritas Prabowo-Gibran jika terpilih dalam Pilpres 2024 mendatang.Secara singkat, Prabowo-Gibran memiliki tiga program prioritas yaitu swasembada pangam, air, dan energi. Namun, menurut Muzani, itu semua bisa tercapai apabila pemimpin Indonesia kelak memiliki komitmen untuk memberantas kemiskinan di Indonesia.""Pak Prabowo bertekad menjadikan Indonesia menjadi negara yang swasembada pangan, swasembada air, dan swasembada energi. Ketiganya bisa kita wujudkan kalau kita memiliki pemimpin yang berkomitmen untuk memberantas kemiskinan,"" ujar Muzani dalam keterangan tertulis yang diterima detikcom.ADVERTISEMENTSCROLL TO CONTINUE WITH CONTENT""Kita harus menyelesaikan rantai kemiskinan ini dari petani. Mana mungkin petani sejahtera kalau produksinya panennya rendah. Kalau panennya sedikit, maka petani nggak punya uang, anaknya susah sekolah, susah berobat. Inilah yang dimaksud dengan demokrasi. Presiden akan dipilih langsung oleh rakyat. Harapannya rakyat paham mana presiden yang betul-betul memiliki komitmen untuk itu,"" tambahnya.Muzani menjelaskan, swasembada pangan itu artinya Indonesia mampu memenuhi kebutuhan pangannya secara mandiri. Masalah yang utama dihadapi petani hari ini adalah kelangkaan pupuk subsidi.""Itu sebabnya Pak Prabowo akan memprioritsskan persoalan pupuk bagi pemenuhan kebutuhan pangan nasional. Kalau produksi padi melimpah maka harapannya keluarga petani tambah makmur. Rakyat kita, negara kita tidak lagi bergantung dengan impor karena sudah mampu memenuhi kebutuhannya secara mandiri,"" ujar Wakil Ketua TKN itu.Kemudian, Muzani juga menjelaskan pentingnya program Prabowo-Gibran terkait pemberian makan siang dan susu gratis. Menurut Muzani, ini adalah cara yang strategis untuk menyiapkan generasi yang unggul menuju Indonesia Emas 2045.""Stunting adalah penyakit kekurangan gizi. Akhirnya pertumbuhan badan dan otak tidak sesuai dengan usianya. Ini menyebabkan perkembangan otak lebih rendah dari umurnya. Badannya lebih kecil dari umurnya. Itulah stunting. Ini juga menyebabkan rata-rata prestasi anak kita menurun,"" jelas Muzani.""Sehingga kita harus persiapkan generasi yang unggul menuju Indonesia Emas 2045. Nanti ribuan santri-santri yang di depan saya inilah yang akan berkuasa, jadi pengusaha, jadi pemimpinan daerah, semuanya ada di tangan mereka. Maka dalam progrram Pak Prabowo, beliau akan memberikan makan siang dan susu gratis kepada setiap pelajar di sekolah-sekolah di setiap tingkatan,"" paparnya disambut tepuk tangan ribuan santri.Muzani menambahkan, Prabowo-Gibran juga siap melaksanakan perintah UU Pesantren terkait dana abadi pesantren. Supaya pesantren memiliki kemandirian dalam menyiapkan santri-santrinya menjadi SDM yang unggul.""Mudah-mudahan perjuangan kita di jalur politik ini bisa mendapat keberkahan dari Allah untuk menjadikan Pak Prabowo presiden. Terimakasih Pondok Pesantren Nahdlatul Wathon. Perjuangan Pak Prabowo tidak sendirian, ada Nahdlatul Wathon di belakang Pak Prabowo,"" tutupnya.Di lokasi yang sama, pimpinan Ponpes Nahdlatul Wathon TGB Zainuddin Atsani mengatakan komitmennya untuk mendukung Prabowo-Gibran pada Pilpres 2024. Menurutnya, Prabowo adalah sosok pemimpin yang memiliki komitmen untuk membangun bangsa Indonesia ke arah yang lebih baik.""Hari ini kita bermunajat untuk kemenangan Pak Prabowo di pilpres tahun depan. Kita ingin bangsa kita lebih baik lagi. Apa yang sudah baik dan sudah dibangun Pak Jokowi kita harapkan bisa dilanjutkan oleh Pak Prabowo,"" ucap Zainuddin."
Ganjar Optimis Hadapi Debat Perdana Capres: Insyaallah Tak Sulit,01/Des/2023 23:11 WIB,https://news.detik.com/pemilu/d-7067724/ganjar-optimis-hadapi-debat-perdana-capres-insyaallah-tak-sulit,"Capres nomor urut 3 Ganjar Pranowo mengaku siap menghadapi debat capres-cawapres. Terlebih, kata Ganjar, tema debat terkait hukum, HAM hingga pemberantasan korupsi.""(Siap) kan saya pernah debat,"" kata Ganjar di La Cove, Kupang, Nusa Tenggara Timur (NTT), Jumat (1/12/2023).Ganjar mengatakan dirinya dan pasangan cawapres Mahfud Md sangat percaya diri dengan debat capres-cawapres. Apalagi, menurutnya, Mahfud merupakan sosok yang sangat paham mengenai isu hukum, HAM dan pemberantasan korupsi.ADVERTISEMENTSCROLL TO CONTINUE WITH CONTENT""Mitra saya kan Pak Mahfud. Insya Allah tidak terlalu sulit, karena kita sama-sama melakukan gerakan anti korupsi,"" tuturnya.Berikut jadwal debat capres-cawapres terbaru dari KPU:1. Selasa, 12 Desember 20232. Jumat, 22 Desember 20233. Minggu, 7 Januari 20244. Minggu, 21 Januari 20245. Minggu, 4 Februari 2024Berikut tema-tema debat capres-cawapres 2024:- Debat pertama: Hukum, HAM, Pemerintahan, Pemberantasan Korupsi, dan Penguatan Demokrasi.- Debat kedua: Pertahanan, Keamanan, Geo Politik, dan Hubungan Internasional.- Debat ketiga: Ekonomi (Kerakyatan dan Digital), Kesejahteraan Sosial, Investasi, Perdagangan, Pangan, Pajak (Digital), Keuangan, Pengelolaan APBN dan APBD, Infrastruktur.- Debat keempat: Energi, SDA, SMN, Pajak Karbon, Lingkungan Hidup, dan Agraria, dan Masyrakat Adat.- Debat kelima: Teknologi Informasi, Peningkatan Pelayanan Publik, Hoaks, Intoleransi, Pendidikan, Kesehatan (Post-COVID Society), dan Ketenagakerjaan."
Advokat Pembela Jessica Wongso Adukan Ayah Mirna Salihin ke Bareskrim,01/Des/2023 23:08 WIB,https://news.detik.com/berita/d-7067721/advokat-pembela-jessica-wongso-adukan-ayah-mirna-salihin-ke-bareskrim,"Aliansi advokat pembela Jessica Kumala Wongso mengadukan ayah mendiang Wayan Mirna Salihin, Edi Darmawan Salihin ke Bareskrim Polri. Mereka mengadukan Edi soal dugaan menyembunyikan rekaman CCTV terkait kematian Mirna Salihin.Salah satu advokat, Antoni Silo, mengatakan aduannya itu mendasari pengakuan Edi Salihin dalam sebuah talkshow pada 7 Oktober 2023. Dalam tayangan itu, kata Antoni, Edi dengan yakin mengatakan memiliki video penting terkait kasus kematian Mirna.""Edi Darmawan Salihin menjelaskan secara vulgar (bahwa) handphone-nya ada sebuah video yang menurut dia ini adalah bagian dari CCTV Kafe Olivier,"" kata Antoni kepada wartawan di Bareskrim Polri, Jumat (1/12/2023).ADVERTISEMENTSCROLL TO CONTINUE WITH CONTENT""Poin bagi kami tim pembela Jessica adalah, karena dia itu mengakui video adalah bagian dari CCTV Kafe Olivier. Ini artinya kalau itu benar bagian dari CCTV Kafe Olivier, berarti CCTV yang dibawa ke persidangan itu nggak utuh,"" sambungnya.Antoni menuturkan, dalam persidangan Edi mengaku tak memegang atau menyimpan rekaman CCTV dari Kafe Olivier. Sementara, dalam pertimbangan di pengadilan hakim memutus Jessica karena adanya rekaman CCTV tersebut.""Dari PN sampai PK itu dasar utama pertimbangannya adalah CCTV. (Tapi sekarang diduga) CCTV-nya tidak utuh, itu poinnya,"" ucapnya.Berdasarkan hal itulah kemudian tim pembela Jessica Wongso menduga Edi Salihin memiliki bukti rekaman CCTV tersebut. Anton mempertanyakan mengapa rekaman CCTV itu tidak ada dalam dokumen dakwaan.""Maka, kami boleh menduga atas perbuatan Edi Darmawan, bahwa dia menyimpan CCTV yang menurut dia, harusnya itu kan berada di tangan polisi, gitu ya. Kenapa itu tidak ada di dokumen dakwaan, karena nggak ada berarti di berkasnya penyidik,"" lanjut Antoni.Dalam aduannya itu, Anton dkk membawa barang bukti berupa tautan YouTube tayangan talkshow. Dia berharap Polisi dapat mengungkap kebenaran perihal kasus yang telah bergulir sejak 2016 itu.""Dan kami menyayangkan maksud saya kalau pak edi mau terlihat gagah dengan statementnya, tetapi apa kewenangan dia untuk menentukan seolah-olah dia bisa arahkan putusan,"" ungkapnya.Antoni juga mengatakan bakal melaporkan pihak lain yang terlibat dalam perkara itu. Namun, dia masih enggan mengungkap siapa saja yang bakal dilaporkannya.Tadinya, Anton dkk akan membuat laporan terhadap Edi Salihin, namun laporan tersebut tidak diterima. Anton dkk kemudian diarahkan untuk membuat aduan masyarakat.""Dari hasil konsultasi dengan mereka, kami harus hormati pandangan penyidik di sini, seluruh bukti yang kami ajukan dianggap masih belum cukup untuk sebagai syarat LP, singkatnya LP kami tidak diterima. Namun untuk membuka peluang baru diadakannya penyelidikan kami diarahkan untuk bersurat langsung ke Pak Kapolri mekanismenya yang kita kenal namanya pengaduan masyarakat atau dumas,"" paparnya.Dihubungi terpisah, ayah mendiang Wayan Mirna Salihin, Edi Darmawan Salihin enggan menanggapi perihal pengaduan itu. Dia mengaku tidak melakukan hal yang salah.""Biarin aja karena mereka nggak ngerti ini,"" kata Edi saat dikonfirmasi.Perihal rekaman CCTV yang dipermasalahkan pendukung Jessica, Edi mengaku rekaman itu merupakan milik polisi.""Itu milik Polri , dan bisa di perlihatkan saat Jessica sudah inkrah. Karena ada perjanjian Polri dengan AFP (Kepolisian Federal Australia),"" imbuhnya."
Hatta Rajasa Minta Waktu Debat Diperpanjang: Bukan Cerdas Cermat,01/Des/2023 23:06 WIB,https://news.detik.com/pemilu/d-7067719/hatta-rajasa-minta-waktu-debat-diperpanjang-bukan-cerdas-cermat,"Ketua Majelis Penasihat Partai Amanat Nasional (PAN) Hatta Rajasa terkait waktu debat capres dan cawapres untuk diperpanjang. Hatta menilai jika moderator terlalu cepat membatasi waktu debat capres dan cawapres seperti cerdas cermat.""Kalau menurut saya sebaiknya moderator itu tidak membatasi waktu terlalu sempit, karena rakyat itu ingin mendengar apa sih gagasan,"" kata Hatta kepada wartawan di Hotel Borobudur, Jakarta Pusat, Jumat (1/12/2023).Pembina TKN Prabowo-Gibran ini mengatakan ajang debat capres dan cawapres bukanlah cerdas cermat. Ia menilai pasangan yang berada di hadapan publik mesti menyampaikan gagasan untuk Indonesia ke depan.ADVERTISEMENTSCROLL TO CONTINUE WITH CONTENT""Jadi kalau misalkan ada capres ditanya, pertanyaan simpel saja. 'Kalau Anda terpilih Anda akan bawa ke mana Indonesia ini, apa visi Anda dalam lima tahun itu?'. Jangan mau bicara tet lima menit, kan bukan mau cerdas cermat ini,"" ujarnya.Iya berharap waktu yang diberikan untuk capres dan cawapres tak terlalu pendek. Ia menegaskan bahwa yang dibawa oleh paslon adalah gagasan untuk tingkat nasional bukan daerah.""Saya tidak mengusulkan itu, tapi saya harapkan ya jangan terlalu ketat walaupun tentu ada batasan waktu, tapi jangan terlalu ketat. Karena yang dibicarakan bukan sesuatu tingkat kelurahan tetapi membicarakan suatu gagasan Indonesia ke depan ini seperti apa,"" ungkapnya.Berikut daftar jadwal dan tema debat capres-cawapres untuk Pilpres 2024 yang rencananya akan digelar selama lima kali di Jakarta:Jadwal debat pertama: Selasa, 12 Desember 2023Tema debat pertama: Hukum, HAM, Pemerintahan, Pemberantasan Korupsi, dan Penguatan Demokrasi.Jadwal debat kedua: Jumat, 22 Desember 2023Tema debat kedua: Pertahanan, Keamanan, Geo Politik, dan Hubungan Internasional.Jadwal debat ketiga: Minggu, 7 Januari 2024Tema debat ketiga: Ekonomi (Kerakyatan dan Digital), Kesejahteraan Sosial, Investasi, Perdagangan, Pajak (Digital), Keuangan, Pengelolaan APBN dan APBD, Infrastruktur.Jadwal debat keempat: Minggu, 21 Januari 2024Tema debat keempat: Energi, SDA, SMN, Pangan, Pajak Karbon, Lingkungan Hidup, dan Agraria, dan Masyarakat Adat.Jadwal debat kelima: Minggu, 4 Februari 2024Tema debat kelima: Teknologi Informasi, Peningkatan Pelayanan Publik, Hoaks, Intoleransi, Pendidikan, Kesehatan (Post-COVID Society), dan Ketenagakerjaan."
Mahfud Ngaku Siap Debat Perdana Capres-Cawapres,01/Des/2023 23:06 WIB,https://news.detik.com/pemilu/d-7067718/mahfud-ngaku-siap-debat-perdana-capres-cawapres,"Cawapres nomor urut 3 Mahfud Md mengaku siap menghadapi debat perdana Pemilu 2024. Mahfud tak masalah tak ada debat khusus cawapres dalam pemilu kali ini.""Saya siap debat khusus maupun tidak khusus, namanya calon pemimpin harus siap. Kalau ditiadakan atau tidak diadakan, ya terserah KPU saja kan mereka yang atur,"" kata Mahfud di Ancol, Jakarta, Jumat (1/12/2023).Mahfud tak khawatir masyarakat tidak bisa menilai secara utuh pemimpin yang akan dipilih jika tak ada debat khusus cawapres. Dia mengaku siap menghadapi debat.ADVERTISEMENTSCROLL TO CONTINUE WITH CONTENT""Ya bilang itu ke KPU, jangan bilang ke saya, kalau saya siap saja,"" lanjutnya.Sebagaimana diketahui,Komisi Pemilihan Umum (KPU) menetapkan tanggal debat capres-cawapres. KPU akan menggelar debat selama lima kali.Rencananya, debat akan digelar sebanyak dua kali pada Desember 2023, dua kali pada Januari 2024, dan satu kali pada Februari 2024.Berikut jadwal debat capres-cawapres terbaru dari KPU:1. Selasa, 12 Desember 20232. Jumat, 22 Desember 20233. Minggu, 7 Januari 20244. Minggu, 21 Januari 20245. Minggu, 4 Februari 2024Berikut tema-tema debat capres-cawapres 2024:- Debat pertama: Hukum, HAM, Pemerintahan, Pemberantasan Korupsi, dan Penguatan Demokrasi.- Debat kedua: Pertahanan, Keamanan, Geo Politik, dan Hubungan Internasional.- Debat ketiga: Ekonomi (Kerakyatan dan Digital), Kesejahteraan Sosial, Investasi, Perdagangan, Pajak (Digital), Keuangan, Pengelolaan APBN dan APBD, Infrastruktur.- Debat keempat: Energi, SDA, SMN, Pangan, Pajak Karbon, Lingkungan Hidup, dan Agraria, dan Masyarakat Adat.- Debat kelima: Teknologi Informasi, Peningkatan Pelayanan Publik, Hoaks, Intoleransi, Pendidikan, Kesehatan (Post-COVID Society), dan Ketenagakerjaan."
"Soal Isu 'Jokowi Minta Setop e-KTP', Ganjar: Korupsi Memang Harus Disikat",01/Des/2023 22:58 WIB,https://news.detik.com/berita/d-7067713/soal-isu-jokowi-minta-setop-e-ktp-ganjar-korupsi-memang-harus-disikat,"Mantan Ketua KPK Agus Rahardjo bercerita bahwa Presiden Joko Widodo (Jokowi) pernah meminta KPK berhenti mengusut kasus korupsi e-KTP yang menyeret Ketua DPR RI Setya Novanto. Capres nomor urut 3 Ganjar Pranowo menilai korupsi harus diberantas.""Ya kalau saya nggak tahu itu intervensi seperti apa, tapi korupsi memang harus disikat,"" kata Ganjar di La Cove, Kupang, Nusa Tenggara Timur (NTT), Jumat (1/12/2023).Ganjar lalu mengatakan ada dua cara mencegah korupsi. Dia membeberkan dua cara itu, yakni perbaikan sistem dan regulasi.ADVERTISEMENTSCROLL TO CONTINUE WITH CONTENT""Ada dua caranya, satu bagaimana kita mencegah, mencegah menggunakan perbaikan sistem, lalu kelembagaan, regulasinya jelas dan terakhir faktornya harus benar,"" ujarnya.Tak hanya itu, kata Ganjar, aktor yang menjalankan regulasi itu pun harus benar. Dia menyebutkan pemberantasan korupsi tidak cukup hanya di mulut, tapi harus serius ditangani.""Kalau aktornya tak benar ya dia akan terlibat biasanya, dan itu perlu diawasi oleh top leader,"" ungkap dia.""Maka komitmen dari antikorupsi itu tidak cukup hanya di mulut, kita mesti serius menangani, kawal dari masyarakat juga,"" imbuhnya.Agus Rahardjo mengungkap cerita soal Jokowi yang meminta KPK menghentikan kasus korupsi e-KTP yang menyeret nama mantan Ketua DPR Setya Novanto. Agus menyebutkan momen itu menjadi salah satu pendorong lahirnya revisi UU KPK. Istana menegaskan revisi UU KPK bukan inisiatif pemerintah, melainkan inisiatif DPR.Cerita Agus mengenai pertemuan dengan Jokowi itu disampaikan dalam wawancara program Rosi di Kompas TV seperti dikutip, Jumat (1/12). Agus mengatakan saat itu dipanggil sendirian oleh Jokowi ke Istana.""Saya terus terang pada waktu kasus e-KTP saya dipanggil sendirian, oleh Presiden. Presiden waktu itu ditemani oleh Pak Pratikno. Saya heran biasanya memanggil itu berlima, ini kok sendirian. Dan dipanggilnya juga bukan lewat ruang wartawan, tapi lewat masjid kecil gitu,"" kata Agus.Begitu masuk, Agus menyebut Jokowi sudah dalam keadaan marah. Menurut Agus, Jokowi meminta KPK untuk menghentikan kasus e-KTP Setya Novanto.""Di sana begitu saya masuk, Presiden sudah marah. Menginginkan... karena baru saya masuk, beliau sudah teriak 'Hentikan'. Kan saya heran, hentikan, yang dihentikan apanya,"" ujar Agus.""Setelah saya duduk, ternyata saya baru tahu kalau yang suruh hentikan itu adalah kasusnya Pak Setnov, Ketua DPR pada waktu itu, mempunyai kasus e-KTP supaya tidak diteruskan,"" imbuhnya."
Peserta Aksi Munajat 212 Mulai Berdatangan di Stasiun Juanda Malam Ini,01/Des/2023 22:56 WIB,https://news.detik.com/berita/d-7067712/peserta-aksi-munajat-212-mulai-berdatangan-di-stasiun-juanda-malam-ini,"Menjelang Munajat 212 di Monas, Jakarta Pusat, massa mulai berdatangan malam ini. Massa dari berbagai daerah tiba di Stasiun Juanda, Jakarta Pusat.Pantauan detikcom, Jumat (1/12/2023) pukul 22.20 WIB massa aksi mulai berdatangan di stasiun Juanda. Rata-rata dari mereka terlihat mengenakan baju serbaputih. Mereka juga membawa beberapa perbekalan termasuk makanan.Tak hanya orang dewasa, beberapa anak kecil dan remaja pun turut serta dalam Munajat 212. Beberapa dari mereka terlihat membawa atribut bertemakan negara Palestina.ADVERTISEMENTSCROLL TO CONTINUE WITH CONTENTSalah satu massa aksi dari Kabupaten Bekasi, Kong Jiun (48) mengatakan dirinya memilih berangkat lebih awal agar bisa mendapatkan barisan paling depan saat melakukan aksi. Dia dan rombongannya saat ini akan merapat ke Masjid Istiqlal terlebih dahulu sebelum akhirnya ke kawasan Monas tempat dilakukannya aksi Munajat 212.""Nanti kita biar khusyuk biar paling depan, harus dari sekarang datangnya. Kalau nanti berdesakan. Iya ke Istiqlal dulu, nanti langsung jalan setelah kita wudhu langsung merapat ke Monas,"" kata Kong Jiun saat ditemui di Stasiun Juanda, Jumat (1/12/2023).Kong Jiun mengatakan dia datang bersama ratusan orang dari desanya. Mereka memang rutin mengikuti aksi 212 setiap tahunnya. kedatangannya tahun ini, sebagai bentuk dukungan kepada rakyat Palestina yang tengah terlibat perang bersama Israel.""Kita bantu doa bagi negara Palestina. Harapan kita Palestina merdeka, harapan semua orang Islam di Indonesia pasti Palestina merdeka, tidak ada lagi peperangan,"" ujarnya.Persaudaraan Alumni (PA) 212 akan menggelar Munajat Kubro di Monumen Nasional (Monas), Jakarta Pusat. Ketua SC Komitee Munajat Kubro, Habib Muhammad, mengatakan fokus acara pada dukungan untuk kemenangan Palestina melawan Israel.""Bahwa acara Munajat Kubro 212 untuk kemenangan Palestina dan keselamatan NKRI adalah ikhtiar mengetuk pintu langit dan pembuktian keberpihakan masyarakat Indonesia secara umum, menentang penjajahan zionis Israel yang biadab,"" kata Habib dalam jumpa pers di Masjid Al Ittihad, Jakarta Selatan, Rabu (29/11/2023).Selain itu ia mengatakan, Munajat Kubro, juga dilakukan sebagai bentuk ikhtiar untuk keselamatan NKRI pada kontestasi politik 5 tahunan saat ini."
Seruan Kim Jong Un Minta Militer Korut Bersiap Pertempuran,01/Des/2023 22:56 WIB,https://news.detik.com/internasional/d-7067711/seruan-kim-jong-un-minta-militer-korut-bersiap-pertempuran,"Pemimpin Korea Utara (Korut) Kim Jong Un memerintahkan kesiapan militer dalam merespons setiap provokasi yang dilakukan oleh musuh. Kim Jong Un meminta pasukan militer Korut untuk siap bertempur.Seruan itu diketahui disampaikan setelah Pyongyang bersumpah akan mengerahkan Angkatan Bersenjata dan persenjataan yang lebih kuat di perbatasan dengan Korea Selatan (Korsel).Dilansir Reuters dan Al Arabiya, Jumat (1/12/2023), kantor berita Korean Central News Agency (KCNA) melaporkan bahwa perintah itu disampaikan Kim Jong Un saat mengunjungi markas besar Angkatan Udara Korut pada Kamis (30/11) waktu setempat, untuk memperingati hari penerbang di negara tersebut.ADVERTISEMENTSCROLL TO CONTINUE WITH CONTENTDalam kunjungannya, sebut KCNA, Kim Jong Un meluncurkan pedoman strategis operasional. Hal ini bertujuan untuk meningkatkan kesiapan militer dan kemampuan perang.""(Kim Jong Un) Sangat mengevaluasi kesiapan ketat para pilot untuk menjalankan misi tempur udara tanpa adanya kesalahan, terlepas dari situasi yang tidak menguntungkan,"" sebut KCNA dalam laporannya.Kunjungan itu dilanjutkan dengan singgah ke sayap pesawat tempur di mana para pilot melakukan pertunjukan udara.Simak halaman selanjutnyaPekan lalu, Korut mengklaim sukses meluncurkan satelit mata-mata militer pertamanya ke orbit luar angkasa. Disebut oleh Pyongyang bahwa satelit mata-mata itu dirancang untuk memantau pergerakan militer Amerika Serikat (AS) dan Korsel.Washington dan Seoul mengecam keras peluncuran satelit mata-mata Pyongyang tersebut, dengan menyebutnya sebagai pelanggaran terhadap sejumlah resolusi Dewan Keamanan Perserikatan Bangsa-Bangsa (PBB).Korut menegaskan pihaknya akan meluncurkan lebih banyak satelit, dan menyebutnya sebagai hak mempertahankan diri. Imbas dari peluncuran satelit mata-mata itu, Korsel menangguhkan kesepakatan militer antara kedua Korea.Seoul juga meningkatkan pengawasan di sepanjang perbatasan dengan Korut, yang direspons oleh Pyongyang dengan menjanjikan Angkatan Bersenjata dan senjata baru yang lebih kuat di sepanjang perbatasan.Sementara AS, pada Kamis (30/11) waktu setempat, menjatuhkan sanksi terbaru terhadap Korut terkait peluncuran satelit mata-mata itu."
"Anwar Abbas Sebut AMIN Paling Top, Bicara Satukan NU-Muhammadiyah",01/Des/2023 22:55 WIB,https://news.detik.com/pemilu/d-7067710/anwar-abbas-sebut-amin-paling-top-bicara-satukan-nu-muhammadiyah,"Anwar Abbas menyatakan dukungannya kepada paslon nomor urut 1 Anies Baswedan dan Muhaimin Iskandar (AMIN) pada Pilpres 2024 mendatang. Anwar Abbas menyebut mereka berdua paling top.""Saya terus terang sudah berdiskusi dengan Anies berdiskusi dengan Cak Imin. Bagi saya ini dua sosok ini yang top,"" kata Anwar Abbas di wilayah Setiabudi, Jakarta Selatan, Jumat (1/12/2023).Ketua PP Muhammadiyah itu bercerita ada tokoh dari luar negeri yang mengatakan Indonesia akan memimpin dunia jika dua organisasi Islam besar yakni Muhammadiyah dan Nahdlatul Ulama (NU) bersatu. Anwar lalu mengatakan, pasangan Anies-Cak Imin yang keduanya berasal dari dua organisasi Islam tersebut bisa menyatukan Indonesia.ADVERTISEMENTSCROLL TO CONTINUE WITH CONTENT""Sekarang muncul satu calon yang Ada unsur Muhammadiyah-nya ada unsur NU-nya. Muhammadiyah-nya Anies, ada unsur NU-nya Cak Imin. Kenapa begitu? karena Ini dua organisasi besar, kalau dua organisasi besar ini bersatu, maka probabiliti bangsa ini akan bersatu akan sangat tinggi,"" ujarnya.Anwar mengatakan kepada masyarakat non muslim untuk jangan khawatir jika Anies-Cak Imin memimpin. Dia mengatakan saat mereka berdua nantinya berbuat salah, dia lah yang akan pertama kalau menegur keduanya.""Karena dalam islam itu ada ajaran kita ndak boleh berlaku zalim kepada siapa pun. Oleh karena itu orang yang tidak beragama Islam, jangan takut jika seandainya kalau Anies dan Cak Imin memimpin. Sebab kalau Anies dan Cak Imin misal berlaku zalim kepada mereka, saya termasuk orang pertama yang akan memprotes,"" jelasnya.""Jadi saya ini posisinya begini, dakwah amar maruf nahi munkar. Kalau Jokowi benar, saya dukung, tapi kalau Jokowi salah saya ingatkan. Kalau Anies dan Cak Imin benar saya dukung, tapi kalau Anies dan Cak Imin tidak benar salah saya ingatkan. Itu saja fungsi saya,"" pungkasnya."
Waka DPR RI Tegaskan Revisi UU MK Tak Dibahas Terburu-buru,01/Des/2023 22:49 WIB,https://news.detik.com/berita/d-7067706/waka-dpr-ri-tegaskan-revisi-uu-mk-tak-dibahas-terburu-buru,"Wakil Ketua DPR RI Sufmi Dasco Ahmad menegaskan pembahasan revisi UU Mahkamah Konstitusi (MK) tak dilakukan terburu-buru. Diketahui, beberapa poin yang dikabarkan direvisi ialah mengubah persyaratan batas usia minimal hakim hingga adanya evaluasi hakim konstitusi.""Pertama, itu bukan digelar secara tertutup. Itu namanya konsinyering dan itu biasa dalam pembahasan UU. Kalau dibilang itu misterius atau rahasia, nggak ada. Itu memang agendanya yang sudah ditentukan dalam komisi teknis terkait,"" kata Dasco kepada wartawan di Hotel Borobudur, Jakarta Pusat, Jumat (1/12/2023).Dasco juga memastikan tak ada motif politik di balik revisi UU MK, mengingat rencana revisi tersebut sudah lama digulirkan. Dia juga menjamin pembahasannya akan dibuka ke publik.ADVERTISEMENTSCROLL TO CONTINUE WITH CONTENT""Saya pastikan bahwa pembahasan itu tak terburu-buru dan yang dikhawatirkan ada motif politik dan lain-lain saya pikir nggak ada,"" jelasnya.""Setahu saya tidak ada pasal yang mengubah-ubah soal umur. Setahu saya tetap 55, pensiun 70. Jadi nggak ada yang namanya politisasi, atau motif politik. Karena revisi UU MK sudah jalan agak lama, jadi nggak ada terburu-buru. kita juga belum tahu mau diketok kapan,"" sambungnya.Diberitakan sebelumnya, Deputi Persidangan Setjen DPR Suprihartini menjelaskan progres rapat-rapat terkait revisi UU Mahkamah Konstitusi. Dia mengatakan revisi tersebut sedang dibahas oleh Komisi III DPR.""Saat ini revisi keempat Undang-Undang MK itu sedang dibahas di Komisi III DPR RI,"" ucap Suprihartini di Grand Mercure Kemayoran, Jakarta, Rabu (29/11).""Komisi III merencanakan pada masa sidang ini sudah dapat disahkan undang-undang tersebut,"" tambahnya.Dia mengatakan pengambilan keputusan akan dilakukan di tingkat I akan dilakukan jika rapat panja revisi UU MK berjalan lancar pada akhir bulan ini. Dia menyebut revisi UU MK bisa dibawa ke rapat paripurna pada Desember.""Dan nanti apabila sudah selesai tingkat I, maka akan dilakukan pengambilan keputusan tingkat II pada rapat paripurna tanggal 5 Desember pada saat penutupan masa sidang,"" ujarnya.Anggota Komisi III DPR RI, Habiburokhman sebelumnya menyampaikan empat pokok perubahan dalam revisi UU MK yang akan dibahas bersama pemerintah. Politikus Gerindra ini menjelaskan pertimbangan pembahasan Perubahan Keempat atas UU Nomor 24 Tahun 2003 tentang MK.""Sebagaimana kita ketahui bersama bahwa pimpinan DPR RI telah menugaskan Komisi III DPR RI untuk membahas RUU usul DPR RI ini, yaitu RUU tentang Perubahan Keempat atas UU Nomor 24 Tahun 2003 tentang MK,"" kata Habiburokhman dalam rapat kerja, Rabu (15/2).Habiburokhman menyampaikan Pasal 24 ayat 1 UUD 1945 bahwa kekuasaan kehakiman merupakan kekuasaan yang merdeka untuk menyelenggarakan peradilan. Hal tersebut menjadi salah satu pertimbangan pembahasan RUU kali ini.Habiburokhman mengatakan DPR ingin mengubah persyaratan batas usia minimal hakim hingga adanya evaluasi hakim konstitusi.""Persyaratan batas usia minimal hakim konstitusi, evaluasi hakim konstitusi, unsur keanggotaan Majelis Kehormatan MK dan penghapusan ketentuan peralihan mengenai masa jabatan Ketua dan Wakil Ketua MK,"" ujar Habiburokhman."
"Soal Isu 'Jokowi Minta Setop Kasus e-KTP', Gerindra Pilih Prasangka Baik",01/Des/2023 22:39 WIB,https://news.detik.com/berita/d-7067699/soal-isu-jokowi-minta-setop-kasus-e-ktp-gerindra-pilih-prasangka-baik,"Ketua Harian DPP Partai Gerindra Sufmi Dasco Ahmad menanggapi cerita mantan Ketua KPK Agus Rahardjo bahwa Presiden Joko Widodo (Jokowi) sempat meminta kasus korupsi e-KTP dihentikan. Dasco meminta agar seluruh pihak berprasangka baik.""Yang disampaikan beliau itu tidak ada yang mendengar dari pihak lain. kita berprasangka baik aja. Jangan sampai masyarakat mempercayai kalau ada statement orang lain kalau si A begini, saksinya kan enggak ada. kasihan masyarkaat,"" kata Dasco kepada wartawan di Hotel Borobudur, Jakarta Pusat, Jumat (1/12/2023).Dasco kemudian menyinggung timeline isu tersebut berhembus menjelang Pilpres 2024. Wakil Ketua DPR RI itu juga menyorot posisi Agus Rahardjo yang tengah mencalonkan diri sebagai anggota DPD RI.ADVERTISEMENTSCROLL TO CONTINUE WITH CONTENT""Bukan cuman menjelang Pemilu, Pak Agus rahardjo kebetulan sedang mencaleg DPD RI. Paham kan?"" ujarnya.Sebelumnya, Agus Rahardjo menyebut momen itu menjadi salah satu pendorong lahirnya revisi UU KPK. Istana menegaskan revisi UU KPK bukan inisiatif pemerintah, melainkan inisiatif DPR.Cerita Agus mengenai pertemuan dengan Jokowi itu disampaikan dalam wawancara program Rosi di Kompas TV seperti dikutip, Jumat (1/12). Agus mengatakan saat itu dipanggil sendirian oleh Jokowi ke Istana.""Saya terus terang pada waktu kasus E-KTP saya dipanggil sendirian, oleh Presiden. Presiden waktu itu ditemani oleh Pak Pratikno. Saya heran biasanya memanggil itu berlima, ini kok sendirian. Dan dipanggilnya juga bukan lewat ruang wartawan tapi lewat masjid kecil gitu,"" kata Agus.Begitu masuk, Agus menyebut Jokowi sudah dalam keadaan marah. Menurut Agus, Jokowi meminta KPK untuk menghentikan kasus e-KTP Setya Novanto.""Di sana begitu saya masuk, presiden sudah marah. Menginginkan.. karena baru saya masuk, beliau sudah teriak 'Hentikan'. Kan saya heran, hentikan, yang dihentikan apanya,"" ujar Agus.""Setelah saya duduk, ternyata saya baru tahu kalau yang suruh hentikan itu adalah kasusnya Pak Setnov, Ketua DPR pada waktu itu, mempunyai kasus e-KTP supaya tidak diteruskan,"" sambung dia.Agus lalu membalas permintaan Jokowi dengan menjelaskan bahwa KPK sudah mengeluarkan sprindik beberapa minggu sebelumnya. Berdasarkan UU KPK yang lama, KPK tidak bisa menghentikan penyidikan suatu perkara.""Nah sprindik itu kan sudah saya keluarin 3 minggu yang lalu, dari presiden bicara itu, sprindik itu tak mungkin karena KPK tak punya SP3, tidak mungkin saya berhentikan saya batalkan,"" tutur Agus.KPK kemudian lanjut mengusut kasus e-KTP dan tidak menggubris pernyataan Jokowi. Belakangan Agus menyadari bahwa momen itu menjadi salah satu pendorong lahirnya revisi UU KPK.""Kemudian karena tugas di KPK itu seperti itu makanya ya kemudian tidak saya perhatikan, ya jalan terus tapi akhirnya dilakukan revisi UU nanti kan intinya revisi UU itu kan SP3 menjadi ada, kemudian di bawah presiden, karena pada waktu itu mungkin presiden merasa bahwa ini Ketua KPK diperintah presiden kok nggak mau apa mungkin begitu,"" ujar Agus."
Detik-detik Pelajar SMK Tewas Dibacok di Pasar Ciampea Bogor,01/Des/2023 22:37 WIB,https://news.detik.com/berita/d-7067696/detik-detik-pelajar-smk-tewas-dibacok-di-pasar-ciampea-bogor,"Seorang pelajar SMK di Pasar Ciampea, Kabupaten Bogor, Jawa Barat, meninggal dunia usai diserang menggunakan senjata tajam (sajam). Kapolsek Ciampea Kompol Suminto menjelaskan detik-detik peristiwa nahas tersebut.""Kronologi kejadian bermula saat saksi (F) berjalan dengan bertujuan ke konter yang ada di Pasar Lama,"" kata Suminto dalam keterangannya, Jumat (1/12/2023).Peristiwa itu sendiri terjadi pada sekitar pukul 12.20 WIB siang. Di tengah perjalanan, korban yang mengendarai sepeda motor berhenti dan menghampiri F.ADVERTISEMENTSCROLL TO CONTINUE WITH CONTENT""Lalu korban bertanya 'mau kemana?'. Saksi menjawab 'mau ke konter'. Lalu korban menawarkan untuk bersama ke konter dengan menggunakan sepeda motor,"" ucapnya.Kemudian F sepakat dan dia bertukar dengan korban untuk mengendarai sepeda motornya. Di tengah perjalanan, terdapat pelajar dari sekolah lainnya menggunakan 7 motor dari arah berlawanan.""Kemudian salah satu pengguna sepeda motor yang diduga pelajar SMK Pandu menghampiri dengan membawa sajam jenis cerurit dan diayunkan senjata tersebut ke arah korban, dan selanjutnya mengenai leher korban,"" jelasnya.Korban yang saat itu sudah berlumuran darah, sempat turun dari sepeda motor. Kemudian F meminta korban menaiki sepeda motor untuk dibawa ke Puskesmas.""Akan tetapi di tengah perjalanan, korban terjatuh. Kemudian saksi meminta tolong kepada warga, dan korban dibawa ke Puskesmas Ciampea sudah dalam keadaan meninggal dunia dikarenakan banyak mengeluarkan darah,"" imbuhnya.Diketahui, video seorang pelajar tergeletak di Pasar Ciampea, Kabupaten Bogor, Jawa Barat, viral di media sosial (medsos). Pelajar tersebut dinarasikan korban pembacokan.Dalam video yang dilihat detikcom, sejumlah warga tampak berada di sekitar korban. Korban dinarasikan mengalami luka bacok di bagian kepala.Dikonfirmasi perihal video viral itu, Kasi Humas Polres Bogor membenarkan kejadian tersebut. Polisi tengah melakukan olah tempat kejadian perkara (TKP).""Benar, masih proses olah TKP,"" kata Iptu Desi Triana kepada wartawan hari ini."
Berakhirnya Gencatan Senjata Bikin Perang Meletus Lagi di Gaza,01/Des/2023 22:32 WIB,https://news.detik.com/internasional/d-7067693/berakhirnya-gencatan-senjata-bikin-perang-meletus-lagi-di-gaza,"Perang Israel Vs Hamas kembali pecah usai gencatan senjata. Puluhan orang tewas usai jeda pertempuran sejak 24 November.Jeda pertempuran selama tujuh hari, diperpanjang dua kali. Momen gencatan senjata itu terjadi pertukaran puluhan sandera yang ditahan Hamas di Jalur Gaza dengan ratusan tahanan Palestina yang dibebaskan dari penjara-penjara Israel. Gencatan senjata itu juga memungkinkan masuknya lebih banyak bantuan kemanusiaan ke Jalur Gaza.Gencatan senjata pun berakhir pada Jumat (1/12/2023) pagi waktu setempat. Sejumlah wilayah Jalur Gaza dilaporkan kembali dihujani serangan udara dan artileri Israel.ADVERTISEMENTSCROLL TO CONTINUE WITH CONTENTSedikitnya 29 orang tewas akibat rentetan serangan terbaru Israel terhadap Jalur Gaza. Seperti dilansir AFP, juru bicara Kementerian Kesehatan Gaza, Ashraf al-Qudra, menyampaikan korban tewas itu termasuk 10 orang yang tewas akibat serangan di Al-Maghazi.Kemudian sembilan orang tewas di Rafah yang ada di bagian selatan, dan lima orang tewas di area Gaza City yang ada di bagian utara. Namun, tidak disebutkan lebih lanjut lokasi tewasnya lima korban lainnya.Pertempuran Lawan Hamas BerlanjutIsrael menuduh Hamas melanggar kesepakatan gencatan senjata dengan adanya roket yang ditembakkan ke wilayah Israel. Militer Israel mengatakan sekitar satu jam sebelum gencatan senjata dijadwalkan berakhir, sistem pertahanan udaranya mencegat sebuah roket yang ditembakkan dari Jalur Gaza.""Hamas telah melanggar jeda operasional, dan sebagai tambahan, melancarkan serangan terhadap wilayah Israel,"" sebut militer Israel dalam pernyataannya seperti dilansir AFP.Tidak diketahui secara jelas apakah roket itu diluncurkan oleh Hamas atau kelompok militan lainnya di Jalur Gaza. Tidak ada laporan korban jiwa akibat serangan roket itu.Namun militer Israel menyatakan serangan roket itu sempat mengaktifkan sirene peringatan serangan udara di area wilayah Israel yang terletak dekat Jalur Gaza, hanya beberapa menit sebelum gencatan senjata berakhir. Belum ada komentar langsung dari Hamas soal tuduhan Israel terkait serangan roket dari Jalur Gaza itu.Jet Tempur Israel Teror Jalur GazaMiliter Israel dalam pernyataannya seperti dilansir Al Jazeera, mengonfirmasi jet-jet tempurnya saat ini menyerang target-target teror Hamas di Jalur Gaza. Sejumlah gambar yang beredar di media sosial menunjukkan kepulan asap hitam pekat menjulang ke udara dari area kamp Jabalia yang padat di wilayah Jalur Gaza bagian utara.Warga Palestina menyebut militer Israel menyebarkan selebaran di wilayah Jalur Gaza bagian selatan, saat serangan kembali berlanjut. Selebaran itu berisi imbauan agar warga Palestina mengungsi dan meninggalkan rumah-rumah mereka di area timur kota Khan Younis.Seperti dilansir Al Arabiya, selebaran itu mengisyaratkan bahwa militer Israel sedang bersiap untuk memperluas serangannya. Ratusan ribu orang telah meninggalkan wilayah Jalur Gaza bagian utara pada awal-awal perang, dengan banyak dari mereka berlindung di Khan Younis dan kota-kota lainnya di bagian selatan daerah kantong Palestina tersebut.Laporan Al Jazeera, yang mengutip seorang jurnalis bernama Hind Khoudary yang melaporkan dari Khan Younis, menyebut bahwa warga sipil diimbau oleh militer Israel untuk mengungsi ke arah selatan menuju Rafah -- yang berbatasan dengan Mesir. Namun imbauan itu membuat bingung warga karena Rafah juga menjadi target serangan terbaru Israel.Qatar Sebut Sedang Ada Negosiasi Lagi untuk GencatanKementerian Luar Negeri Qatar mengungkap saat ini sedang berlangsung negosiasi antara Israel dan Hamas untuk memperbarui gencatan senjata. Diberitakan Al Arabiya dan AFP, kementerian tersebut mengatakan gempuran Israel terhadap Gaza yang berlanjut telah mempersulit upaya mediasinya.Kantor Perdana Menteri Israel Benjamin Netanyahu mengatakan pertempuran telah dimulai kembali setelah Hamas 'melanggar' gencatan senjata.""Setelah dimulainya kembali pertempuran, kami menekankan: Pemerintah Israel berkomitmen untuk mencapai tujuan perang: Membebaskan para sandera, melenyapkan Hamas dan memastikan bahwa Gaza tidak lagi menjadi ancaman bagi penduduk Israel,"" katanya dalam sebuah pernyataan."
"Firli Belum Ditahan, Mahfud: Mungkin Polisi Tak Khawatir Dia Lari",01/Des/2023 22:30 WIB,https://news.detik.com/berita/d-7067690/firli-belum-ditahan-mahfud-mungkin-polisi-tak-khawatir-dia-lari,"Menko Polhukam Mahfud Md mengomentari Ketua KPK nonaktif Firli Bahuri yang belum ditahan meski berstatus tersangka pemerasan terhadap Syahrul Yasin Lippo (SYL). Mahfud mengatakan ada tiga alasan seseorang tidak dilakukan penahanan meski berstatus tersangka.""Firli Bahuri tidak ditahan itu ada alasan, 3 alasan untuk orang tidak ditahan. Satu, kalau dikhawatirkan mempersulit pemeriksaan, kedua mengulangi perbuatan, ketiga menghilangkan barang bukti,"" kata Mahfud di Ancol, Jakarta, Jumat (1/12/2023).Mahfud menilai polisi kemungkinan mempertimbangkan tiga hal tersebut. Meski demikian, Mahfud mengatakan semuanya merupakan kewenangan penyidik.ADVERTISEMENTSCROLL TO CONTINUE WITH CONTENT""Mungkin syarat itu, mungkin polisi tidak khawatir Firli lari, tidak khawatir Firli mengulangi perbuatan, tidak khawatir Firli menghilangkan barang bukti karena sudah dikumpulkan semua. Mungkin ya, tapi itu semua tidak bisa ditanyakan ke saya, itu urusan polisi, penyidik, saya ndak boleh masuk,"" imbuhnya.Wakil Direktur Tindak Pidana Korupsi Bareskrim Polri Kombes Arief Adiharsa menjelaskan alasan penyidik tak melakukan penahanan terhadap Firli.""Belum diperlukan,"" kata Arief saat dimintai konfirmasi, Jumat (1/12/2023).Namun Arief belum merinci lebih jauh mengenai pertimbangan yang dilakukan pihaknya sehingga dianggap belum perlu melakukan penahanan terhadap Firli."
Kala Ganjar Angkat Mahasiswa Masuk Kader PDIP Karena Ingin Jadi Bupati,01/Des/2023 20:40 WIB,https://news.detik.com/pemilu/d-7067539/kala-ganjar-angkat-mahasiswa-masuk-kader-pdip-karena-ingin-jadi-bupati,"Calon Presiden nomor urut 3 Ganjar Pranowo menunjuk Trio Putra Dewa, mahasiswa fakultas hukum menjadi kader PDIP. Ganjar menilai sosok anak muda seperti Trio perlu dibina agar dapat menjadi seorang pemimpin yang baik.Hal itu disampaikan Ganjar saat menghadiri pertemuan dengan relawan dan mahasiswa di Universitas Nusa Cendana, Kupang, Nusa Tenggara Timur (NTT), Jumat (1/12/2023). Mulanya, Trio bertanya kepada Ganjar terkait warisan karpet merah.""Apakah suatu saat nanti Bapak (Ganjar) jadi orang nomor satu di negara Indonesia, dengan karpet merah yang tersisa, apakah Bapak suatu saat nanti diwariskan kepada dewan atau tidak?"" tanya Trio.ADVERTISEMENTSCROLL TO CONTINUE WITH CONTENTGanjar tak langsung menjawab pertanyaan tersebut. Dia justru bertanya kepada Trio, ingin menjadi bupati atau tidak.""Pengin jadi bupati nggak kamu?"" tanya Ganjar.""Pengin,"" jawab Trio.Ganjar pun mengaku senang dengan jawaban Trio. Dia lantas meminta Trio untuk bergabung dengan PDIP.""Pengin, ini kader ini, kamu masuk PDIP saja,"" ujarnya.Ganjar menilai Trio patut untuk dibina sejak dini. Ganjar mengaku siap menjadi mentor Trio.""Sorry loh ya, kamu boleh masuk partai lain, tapi dikader dari kecil, dari mahasiswa. Saya bisa jadi mentornya Trio, kalau anak muda seperti Trio kita siapkan betul, maka saya tunjukan tadi, saya masuk partai usia berapa. Kamu usia berapa?"" tanya Ganjar kepada Trio, yang dijawab 22 tahun.""Kalau kamu 22 tahun sudah masuk partai, apapun lah, masuk dengan saya lebih baik. Kalau dia ikut yang lain, siapa yang berani statement jadi mentor? Belum tahu,"" sambungnya.Ganjar kemudian bertanya kepada Trio, ketika menjadi bupati akan korupsi atau tidak. Trio pun menjawab dengan tegas 'tidak korupsi'.""Bagus, jawabannya tegas, tidak. Sudah pernah lihat uang Rp 1 miliar?"" tanya Ganjar lagi, yang dijawab belum.""Kalau suatu ketika ada orang datang, 'Pak Bupati Trio ini anu pak sekadar untuk oleh-oleh saja'. Apa yang kamu lakukan? Rp 1 miliar nih,"" tanya dia lagi.""Dengan pertanyaan Bapak itu bisa dibilang simbiosis mutualisme, maka saya akan berikan kepada masyarakat yang miskin,"" jawab Trio.Ganjar lantas tak setuju dengan jawaban Trio. Menurut dia, seharusnya, Trio tak mengambil uang itu meskipun akan diberikan ke masyarakat miskin.""Pelajaran sore hari ini adalah itulah namanya gratifikasi, suap. Tapi saya berikan kepada masyarakat? Salah. Kalau secara tegas menolak, 'pergi kamu' (yang ngasih) itu baru oke,"" ungkapnya.Mantan Gubernur Jawa Tengah itu lantas mengatakan jika Trio menjadi bupati, sebaiknya berdiskusi dengan DPRD, program apa saja yang harus dituntaskan. Kemudian, bertanya kepada masyarakat apa yang diperlukan.Menurutnya, Trio sudah layak menjadi anggota partai. Ganjar lantas meminta Trio untuk mengambil kartu tanda anggota (KTA) PDIP.""Tinggal latihan. Siap nggak?"" tanya Ganjar.""Siap pak,"" jawab Trio.""Nggak tau nih siapnya beneran nggak? Besok pagi kamu datang ke DPC minta KTA,"" ujar Ganjar.""Iya pak,"" balas Trio."
Anak di Tangsel yang Diperkosa Ayah Kandung Telah Melahirkan,01/Des/2023 17:27 WIB,https://news.detik.com/berita/d-7067111/anak-di-tangsel-yang-diperkosa-ayah-kandung-telah-melahirkan,"Seorang bapak di Pondok Aren, Tangerang Selatan, tega memperkosa anak kandungnya sendiri sampai hamil. Korban kini telah melahirkan bayi hasil perbuatan bejat sang ayah.""Sudah (melahirkan),"" ujar Kasat Reskrim Polres Tangerang Selatan AKP Alvino saat dimintai konfirmasi, Jumat (1/12/2023).Alvino tak menjelaskan secara rinci kapan korban melahirkan. Namun ia mengatakan saat ini korban mendapat pendampingan dari UPTD PPA Kota Tangsel.ADVERTISEMENTSCROLL TO CONTINUE WITH CONTENT""Untuk proses laporan dan pemeriksaan korban di polres didampingi oleh petugas dari UPTD PPA Kota Tangsel,"" katanya.Lebih lanjut Alvino menyampaikan, pihaknya saat ini pihaknya telah menetapkan pelaku sebagai tersangka dan menahannya. Polisi kini tengah melengkapi pemberkasan.""Langkah polisi terhadap tersangka sudah kita tahan, selanjutnya proses melengkapi berkas untuk dikirim ke jaksa penuntut umum (JPU),"" imbuhnya.Sebelumnya, seorang pria di Pondok Aren, Tangerang Selatan, tega memperkosa anak kandungnya yang berusia 17 tahun. Akibat perbuatan bejat pelaku tersebut, korban kini hamil.""Hasil USG terhadap korban menunjukkan kalau korban mengandung,"" kata Kasat Reskrim Polres Metro Tangerang Selatan AKP Alvino Cahyadi saat dihubungi, Rabu (29/11).Alvino belum memerinci terkait kasus tersebut. Namun diketahui bahwa korban saat ini tengah hamil 8 bulan akibat ulah bejat ayah kandungannya.Akibat perbuatannya itu, tersangka dijerat dengan Pasal 81 Undang-Undang RI Nomor 17 Tahun 2016 tentang Penetapan Perppu Nomor 1 Tahun 2016 tentang Perubahan Kedua atas UU RI No 23 Tahun 2002 tentang Perlindungan Anak menjadi undang-undang,"" ujarnya.Bunyi Pasal 81:(1) Setiap orang yang dengan sengaja melakukan kekerasan atau ancaman kekerasan memaksa anak melakukan persetubuhan dengannya atau dengan orang lain, dipidana dengan pidana penjara paling lama 15 (lima belas) tahun dan paling singkat 3 (tiga) tahun dan denda paling banyak Rp 300.000.000,00 (tiga ratus juta rupiah) dan paling sedikit Rp 60.000.000,00 (enam puluh juta rupiah)(2) Ketentuan pidana sebagaimana dimaksud dalam ayat (1) berlaku pula bagi setiap orang yang dengan sengaja melakukan tipu muslihat, serangkaian kebohongan, atau membujuk anak melakukan persetubuhan dengannya atau dengan orang lain"
Kota Terakhir! Classy Yamaha Youth Festival Akan Digelar di Bali,01/Des/2023 17:27 WIB,https://news.detik.com/berita/d-7067108/kota-terakhir-classy-yamaha-youth-festival-akan-digelar-di-bali,"Sukses digelar di beberapa kota besar di Indonesia, Classy Yamaha Youth Festival kini siap menyapa siswa dan siswi SMA di Bali. Program ini akan menawarkan kegiatan seru dan kompetitif yang cocok banget untuk anak muda. Classy Yamaha Youth Festival merupakan event yang menjadi wadah anak muda untuk mengekspresikan diri di kegiatan non-akademik, seperti olahraga dan musik. Tak hanya itu, akan ada fashion contest, talkshow, dan Yamaha test ride yang akan menawarkan keseruan.Melalui festival ini, Yamaha mencoba merangkul anak-anak muda atau Generasi Z yang dikenal ekspresif dan kreatif. Hal tersebut sesuai dengan sepeda motor andalan Yamaha, yaitu Fazzio dan Grand Filano yang dibekali dengan desain luxury dan stylish khas scooter Italia. ADVERTISEMENTSCROLL TO CONTINUE WITH CONTENTClassy Yamaha Youth Festival Bali bakal digelar mulai 4-7 Desember 2023 untuk School to School dan 8-10 Desember untuk sesi School Competition di GOR Ngurah Rai. Acara ini diramaikan oleh 8 SMA yang terpilih, yakni SMA Tunas Daud, SMAN 9 Denpasar, SMAN 8 Denpasar, SMAN 7 Denpasar, SMAN 6 Denpasar, SMAN 3 Denpasar, SMAN 5 Denpasar, dan SMAN 1 Kuta. Acara ini juga akan dimeriahkan oleh dua influencer kenamaan, yakni Danella Ilene jebolan Indonesia Next Top Model dan Cindy Kiranti. Pemain basket profesional Yerikho Tuasela, Surliyadin, dan Abraham Wenas, serta ditutup oleh penampilan Ghea Indrawari. Konten acara di sesi School to School, yakni talkshow bareng influencer di aula masing-masing sekolah. Lalu ada game berhadiah, serta challenge POSE & POST!. Sementara itu, di School Competition akan ada pemilihan Miss Classy, Content Creation Challenge, basket, dance, futsal, best supporter, food bazaar, dan fun game basket bareng Influencer.Persiapkan tim sekolah terbaikmu untuk berkompetisi di GOR Ngurah Rai. Datang dan ramaikan acara Classy Yamaha Youth Festival Bali. Kamu juga bisa melakukan test ride menggunakan Yamaha Grand Filano dan Fazzio, rasakan sensasi berkendara menggunakan scooter yang lebih seru. Untuk mendapatkan informasi lebih lengkap, silakan mengunjungi https://www.detik.com/classyyamahayouthfestival."
